"filename", "language", "TypeScript", "TypeScript JSX", "MS SQL", "Markdown", "comment", "blank", "total"
"c:\Users\kaana\OneDrive\Belgeler\kcorrai-coding\lol-ai\app\(app)\achievements\AchievementsPreview.tsx", "TypeScript JSX", 0, 64, 0, 0, 3, 7, 74
"c:\Users\kaana\OneDrive\Belgeler\kcorrai-coding\lol-ai\app\(app)\achievements\PageClient.tsx", "TypeScript JSX", 0, 4, 0, 0, 1, 1, 6
"c:\Users\kaana\OneDrive\Belgeler\kcorrai-coding\lol-ai\app\(app)\dashboard\PageClient.tsx", "TypeScript JSX", 0, -7, 0, 0, 1, 0, -6
"c:\Users\kaana\OneDrive\Belgeler\kcorrai-coding\lol-ai\app\(app)\improvement\ImprovementHistoryPreview.tsx", "TypeScript JSX", 0, 63, 0, 0, 3, 8, 74
"c:\Users\kaana\OneDrive\Belgeler\kcorrai-coding\lol-ai\app\(app)\improvement\PageClient.tsx", "TypeScript JSX", 0, 7, 0, 0, 0, 0, 7
"c:\Users\kaana\OneDrive\Belgeler\kcorrai-coding\lol-ai\app\(app)\layout.tsx", "TypeScript JSX", 0, 8, 0, 0, 3, 1, 12
"c:\Users\kaana\OneDrive\Belgeler\kcorrai-coding\lol-ai\app\(app)\leaderboard\LeaderboardPreview.tsx", "TypeScript JSX", 0, 99, 0, 0, 3, 12, 114
"c:\Users\kaana\OneDrive\Belgeler\kcorrai-coding\lol-ai\app\(app)\leaderboard\PageClient.tsx", "TypeScript JSX", 0, 7, 0, 0, 0, 0, 7
"c:\Users\kaana\OneDrive\Belgeler\kcorrai-coding\lol-ai\app\(app)\onboarding\PageClient.tsx", "TypeScript JSX", 0, -166, 0, 0, 0, -16, -182
"c:\Users\kaana\OneDrive\Belgeler\kcorrai-coding\lol-ai\app\(app)\onboarding\page.tsx", "TypeScript JSX", 0, -2, 0, 0, 3, -1, 0
"c:\Users\kaana\OneDrive\Belgeler\kcorrai-coding\lol-ai\app\api\coaching\generate\route.ts", "TypeScript", -5, 0, 0, 0, 4, -1, -2
"c:\Users\kaana\OneDrive\Belgeler\kcorrai-coding\lol-ai\app\api\onboarding\complete\route.ts", "TypeScript", 9, 0, 0, 0, 1, 3, 13
"c:\Users\kaana\OneDrive\Belgeler\kcorrai-coding\lol-ai\app\api\riot\[riotAccountId]\sync\route.ts", "TypeScript", 4, 0, 0, 0, 3, 0, 7
"c:\Users\kaana\OneDrive\Belgeler\kcorrai-coding\lol-ai\docs\API_DESIGN.md", "Markdown", 0, 0, 0, 10, 0, 5, 15
"c:\Users\kaana\OneDrive\Belgeler\kcorrai-coding\lol-ai\docs\DATABASE_SCHEMA.md", "Markdown", 0, 0, 0, 1, 0, 0, 1
"c:\Users\kaana\OneDrive\Belgeler\kcorrai-coding\lol-ai\docs\adr\ADR-010-guided-onboarding.md", "Markdown", 0, 0, 0, 39, 0, 9, 48
"c:\Users\kaana\OneDrive\Belgeler\kcorrai-coding\lol-ai\docs\tasks\TASK-217-forced-onboarding.md", "Markdown", 0, 0, 0, 35, 0, 14, 49
"c:\Users\kaana\OneDrive\Belgeler\kcorrai-coding\lol-ai\docs\tasks\TASK-218-onboarding-per-user-progress.md", "Markdown", 0, 0, 0, 29, 0, 14, 43
"c:\Users\kaana\OneDrive\Belgeler\kcorrai-coding\lol-ai\docs\tasks\TASK-219-content-rich-onboarding-previews.md", "Markdown", 0, 0, 0, 38, 0, 14, 52
"c:\Users\kaana\OneDrive\Belgeler\kcorrai-coding\lol-ai\docs\tasks\TASK-220-onboarding-trap-fixes.md", "Markdown", 0, 0, 0, 37, 0, 14, 51
"c:\Users\kaana\OneDrive\Belgeler\kcorrai-coding\lol-ai\docs\tasks\TASK-221-tilt-block-and-auto-sync.md", "Markdown", 0, 0, 0, 30, 0, 12, 42
"c:\Users\kaana\OneDrive\Belgeler\kcorrai-coding\lol-ai\docs\tasks\TASK-222-allow-shared-riot-accounts.md", "Markdown", 0, 0, 0, 22, 0, 12, 34
"c:\Users\kaana\OneDrive\Belgeler\kcorrai-coding\lol-ai\docs\tasks\TASK-223-inngest-in-process-fallback.md", "Markdown", 0, 0, 0, 25, 0, 11, 36
"c:\Users\kaana\OneDrive\Belgeler\kcorrai-coding\lol-ai\docs\tasks\TASK-224-no-email-verify-for-report-gen.md", "Markdown", 0, 0, 0, 14, 0, 8, 22
"c:\Users\kaana\OneDrive\Belgeler\kcorrai-coding\lol-ai\prisma\migrations\20260718000001_add_onboarding_completed\migration.sql", "MS SQL", 0, 0, 1, 0, 1, 1, 3
"c:\Users\kaana\OneDrive\Belgeler\kcorrai-coding\lol-ai\prisma\seed.ts", "TypeScript", 21, 0, 0, 0, 3, 2, 26
"c:\Users\kaana\OneDrive\Belgeler\kcorrai-coding\lol-ai\src\components\layout\AppShell.tsx", "TypeScript JSX", 0, 11, 0, 0, 0, 0, 11
"c:\Users\kaana\OneDrive\Belgeler\kcorrai-coding\lol-ai\src\components\onboarding\tour\CoachMascot.tsx", "TypeScript JSX", 0, -97, 0, 0, -5, -12, -114
"c:\Users\kaana\OneDrive\Belgeler\kcorrai-coding\lol-ai\src\components\onboarding\tour\CoachTour.tsx", "TypeScript JSX", 0, -85, 0, 0, -8, -14, -107
"c:\Users\kaana\OneDrive\Belgeler\kcorrai-coding\lol-ai\src\components\onboarding\tour\Confetti.tsx", "TypeScript JSX", 0, -23, 0, 0, -2, -2, -27
"c:\Users\kaana\OneDrive\Belgeler\kcorrai-coding\lol-ai\src\components\onboarding\tour\SpotlightOverlay.tsx", "TypeScript JSX", 0, -34, 0, 0, -6, -4, -44
"c:\Users\kaana\OneDrive\Belgeler\kcorrai-coding\lol-ai\src\components\onboarding\tour\tourSteps.ts", "TypeScript", -70, 0, 0, 0, -8, -5, -83
"c:\Users\kaana\OneDrive\Belgeler\kcorrai-coding\lol-ai\src\domains\analysis\components\RecentMatchList.tsx", "TypeScript JSX", 0, 1, 0, 0, 1, 0, 2
"c:\Users\kaana\OneDrive\Belgeler\kcorrai-coding\lol-ai\src\domains\analysis\components\TiltBreakModal.tsx", "TypeScript JSX", 0, 2, 0, 0, 2, 0, 4
"c:\Users\kaana\OneDrive\Belgeler\kcorrai-coding\lol-ai\src\domains\onboarding\OnboardingFlow.tsx", "TypeScript JSX", 0, -194, 0, 0, -2, -18, -214
"c:\Users\kaana\OneDrive\Belgeler\kcorrai-coding\lol-ai\src\domains\onboarding\guide\CoachBubble.tsx", "TypeScript JSX", 0, 105, 0, 0, 8, 13, 126
"c:\Users\kaana\OneDrive\Belgeler\kcorrai-coding\lol-ai\src\domains\onboarding\guide\Confetti.tsx", "TypeScript JSX", 0, 23, 0, 0, 1, 2, 26
"c:\Users\kaana\OneDrive\Belgeler\kcorrai-coding\lol-ai\src\domains\onboarding\guide\GuidedOnboarding.tsx", "TypeScript JSX", 0, 27, 0, 0, 4, 6, 37
"c:\Users\kaana\OneDrive\Belgeler\kcorrai-coding\lol-ai\src\domains\onboarding\guide\SpotlightOverlay.tsx", "TypeScript JSX", 0, 36, 0, 0, 13, 8, 57
"c:\Users\kaana\OneDrive\Belgeler\kcorrai-coding\lol-ai\src\domains\onboarding\guide\guideSteps.test.ts", "TypeScript", 84, 0, 0, 0, 9, 14, 107
"c:\Users\kaana\OneDrive\Belgeler\kcorrai-coding\lol-ai\src\domains\onboarding\guide\guideSteps.ts", "TypeScript", 177, 0, 0, 0, 15, 9, 201
"c:\Users\kaana\OneDrive\Belgeler\kcorrai-coding\lol-ai\src\domains\onboarding\guide\useGuidedOnboarding.ts", "TypeScript", 142, 0, 0, 0, 19, 22, 183
"c:\Users\kaana\OneDrive\Belgeler\kcorrai-coding\lol-ai\src\domains\onboarding\onboardingService.test.ts", "TypeScript", 46, 0, 0, 0, 0, 14, 60
"c:\Users\kaana\OneDrive\Belgeler\kcorrai-coding\lol-ai\src\domains\onboarding\onboardingService.ts", "TypeScript", 29, 0, 0, 0, 5, 6, 40
"c:\Users\kaana\OneDrive\Belgeler\kcorrai-coding\lol-ai\src\domains\onboarding\preview\OnboardingPreviewContext.tsx", "TypeScript JSX", 0, 22, 0, 0, 3, 6, 31
"c:\Users\kaana\OneDrive\Belgeler\kcorrai-coding\lol-ai\src\domains\onboarding\preview\PreviewBadge.tsx", "TypeScript JSX", 0, 16, 0, 0, 2, 3, 21
"c:\Users\kaana\OneDrive\Belgeler\kcorrai-coding\lol-ai\src\domains\riot\components\AccountConnectionForm.tsx", "TypeScript JSX", 0, 0, 0, 0, 2, 0, 2
"c:\Users\kaana\OneDrive\Belgeler\kcorrai-coding\lol-ai\src\domains\riot\services\accountService.ts", "TypeScript", -9, 0, 0, 0, 1, 0, -8
"c:\Users\kaana\OneDrive\Belgeler\kcorrai-coding\lol-ai\src\domains\riot\services\matchSyncService.ts", "TypeScript", 28, 0, 0, 0, 3, 5, 36
"c:\Users\kaana\OneDrive\Belgeler\kcorrai-coding\lol-ai\src\hooks\useAutoSync.test.ts", "TypeScript", 21, 0, 0, 0, 0, 6, 27
"c:\Users\kaana\OneDrive\Belgeler\kcorrai-coding\lol-ai\src\hooks\useAutoSync.ts", "TypeScript", 28, 0, 0, 0, 7, 6, 41
"c:\Users\kaana\OneDrive\Belgeler\kcorrai-coding\lol-ai\src\hooks\useCompleteOnboarding.ts", "TypeScript", 11, 0, 0, 0, 2, 4, 17
"c:\Users\kaana\OneDrive\Belgeler\kcorrai-coding\lol-ai\src\hooks\useOnboardingFlow.ts", "TypeScript", -76, 0, 0, 0, -4, -16, -96
"c:\Users\kaana\OneDrive\Belgeler\kcorrai-coding\lol-ai\src\inngest\functions\matchSync.ts", "TypeScript", -36, 0, 0, 0, 0, -7, -43
"c:\Users\kaana\OneDrive\Belgeler\kcorrai-coding\lol-ai\src\lib\inngest\dispatch.test.ts", "TypeScript", 32, 0, 0, 0, 0, 13, 45
"c:\Users\kaana\OneDrive\Belgeler\kcorrai-coding\lol-ai\src\lib\inngest\dispatch.ts", "TypeScript", 18, 0, 0, 0, 8, 3, 29
"c:\Users\kaana\OneDrive\Belgeler\kcorrai-coding\lol-ai\tests\e2e\global-setup.ts", "TypeScript", 0, 0, 0, 0, 2, 0, 2
"c:\Users\kaana\OneDrive\Belgeler\kcorrai-coding\lol-ai\tests\e2e\guided-onboarding.spec.ts", "TypeScript", 49, 0, 0, 0, 10, 14, 73
"c:\Users\kaana\OneDrive\Belgeler\kcorrai-coding\lol-ai\tests\e2e\tour.spec.ts", "TypeScript", -18, 0, 0, 0, -6, -7, -31
"Total", "-", 485, -113, 1, 280, 105, 199, 957